source,endpoint_or_target,file,line
include/require,./funciones/conexion.php,gimnasiocervantes.com/index_.php,
include/require,./funciones/funciones.php,gimnasiocervantes.com/index_.php,
include/require,./menu_superior.php,gimnasiocervantes.com/index_.php,
include/require,noticias.php,gimnasiocervantes.com/index_.php,
include/require,pie.php,gimnasiocervantes.com/index_.php,
include/require,./funciones/conexion.php,gimnasiocervantes.com/contactenos.php,
include/require,./funciones/funciones.php,gimnasiocervantes.com/contactenos.php,
include/require,./funciones/funciones.php,gimnasiocervantes.com/horizonte.php,
include/require,./funciones/conexion.php,gimnasiocervantes.com/horizonte.php,
include/require,./funciones/conexion.php,gimnasiocervantes.com/menu_superior.php,
include/require,./funciones/funciones.php,gimnasiocervantes.com/menu_superior.php,
include/require,funciones/conexion.php,gimnasiocervantes.com/galeria_videos.php,
include/require,./aplicacion/funciones/funciones_galeria.php,gimnasiocervantes.com/galeria_videos.php,
include/require,./funciones/funciones.php,gimnasiocervantes.com/menu_left.php,
include/require,./funciones/conexion.php,gimnasiocervantes.com/menu_left.php,
include/require,./funciones/funciones.php,gimnasiocervantes.com/manual.php,
include/require,./funciones/conexion.php,gimnasiocervantes.com/manual.php,
include/require,./funciones/funciones.php,gimnasiocervantes.com/vision.php,
include/require,./funciones/conexion.php,gimnasiocervantes.com/vision.php,
include/require,./funciones/funciones.php,gimnasiocervantes.com/registro_alumno.php,
include/require,./funciones/conexion.php,gimnasiocervantes.com/registro_alumno.php,
include/require,info_alumno.php,gimnasiocervantes.com/registro_alumno.php,
include/require,./funciones/funciones.php,gimnasiocervantes.com/datos_alumno.php,
include/require,./funciones/conexion.php,gimnasiocervantes.com/datos_alumno.php,
include/require,./funciones/conexion.php,gimnasiocervantes.com/principal_aulas.php,
include/require,./funciones/funciones.php,gimnasiocervantes.com/principal_aulas.php,
include/require,./funciones/conexion.php,gimnasiocervantes.com/principal_aulas.php,
include/require,./funciones/funciones.php,gimnasiocervantes.com/principal_aulas.php,
include/require,./funciones/conexion.php,gimnasiocervantes.com/principal_aulas.php,
include/require,./funciones/funciones_aula.php,gimnasiocervantes.com/principal_aulas.php,
include/require,./funciones/conexion.php,gimnasiocervantes.com/principal_aulas.php,
include/require,./funciones/funciones_aula.php,gimnasiocervantes.com/principal_aulas.php,
include/require,./funciones/conexion.php,gimnasiocervantes.com/principal_aulas.php,
include/require,./funciones/funciones_aula.php,gimnasiocervantes.com/principal_aulas.php,
include/require,menu_left_aulas.php,gimnasiocervantes.com/principal_aulas.php,
include/require,./MPDF56/mpdf.php,gimnasiocervantes.com/index_sin_arte.php,
include/require,../funciones/conexion.php,gimnasiocervantes.com/index_sin_arte.php,
include/require,../funciones/funciones.php,gimnasiocervantes.com/index_sin_arte.php,
include/require,./funciones/conexion.php,gimnasiocervantes.com/menu_left_web.php,
include/require,./funciones/funciones.php,gimnasiocervantes.com/menu_left_web.php,
include/require,funciones/conexion.php,gimnasiocervantes.com/galeria_fotos.php,
include/require,./aplicacion/funciones/funciones_galeria.php,gimnasiocervantes.com/galeria_fotos.php,
include/require,./funciones/funciones.php,gimnasiocervantes.com/circulares.php,
include/require,./funciones/conexion.php,gimnasiocervantes.com/circulares.php,
include/require,../funciones/conexion.php,gimnasiocervantes.com/puntaje.php,
include/require,../funciones/funciones.php,gimnasiocervantes.com/puntaje.php,
include/require,funciones/funciones.php,gimnasiocervantes.com/listado.php,
include/require,funciones/conexion.php,gimnasiocervantes.com/listado.php,
include/require,./funciones/conexion.php,gimnasiocervantes.com/principal_profesor.php,
include/require,./funciones/funciones.php,gimnasiocervantes.com/principal_profesor.php,
include/require,./menu_superior_admin.php,gimnasiocervantes.com/principal_profesor.php,
include/require,menu_left.php,gimnasiocervantes.com/principal_profesor.php,
include/require,pie.php,gimnasiocervantes.com/principal_profesor.php,
include/require,./funciones/conexion.php,gimnasiocervantes.com/principal_usuario.php,
include/require,./funciones/funciones.php,gimnasiocervantes.com/principal_usuario.php,
include/require,./funciones/conexion.php,gimnasiocervantes.com/principal_usuario.php,
include/require,./funciones/funciones.php,gimnasiocervantes.com/principal_usuario.php,
include/require,menu_left_alumno.php,gimnasiocervantes.com/principal_usuario.php,
include/require,./funciones/funciones.php,gimnasiocervantes.com/sub_menu_categoria.php,
include/require,./funciones/conexion.php,gimnasiocervantes.com/sub_menu_categoria.php,
include/require,./MPDF56/mpdf.php,gimnasiocervantes.com/index_sin_arte_boletin_solo.php,
include/require,../funciones/conexion.php,gimnasiocervantes.com/index_sin_arte_boletin_solo.php,
include/require,../funciones/funciones.php,gimnasiocervantes.com/index_sin_arte_boletin_solo.php,
include/require,./funciones/conexion.php,gimnasiocervantes.com/registro.php,
include/require,./funciones/funciones.php,gimnasiocervantes.com/registro.php,
include/require,./funciones/funciones.php,gimnasiocervantes.com/instalaciones.php,
include/require,./funciones/conexion.php,gimnasiocervantes.com/instalaciones.php,
include/require,./funciones/conexion.php,gimnasiocervantes.com/menu_left_aulas.php,
include/require,./funciones/funciones.php,gimnasiocervantes.com/menu_left_aulas.php,
include/require,./funciones/funciones.php,gimnasiocervantes.com/mision.php,
include/require,./funciones/conexion.php,gimnasiocervantes.com/mision.php,
include/require,./funciones/funciones.php,gimnasiocervantes.com/cuadro_honor.php,
include/require,./funciones/conexion.php,gimnasiocervantes.com/cuadro_honor.php,
include/require,ultimas_galerias.php,gimnasiocervantes.com/contenido.php,
include/require,noticias.php,gimnasiocervantes.com/contenido.php,
include/require,menu_left_web.php,gimnasiocervantes.com/contenido.php,
include/require,./aplicacion/funciones/funciones_galeria.php,gimnasiocervantes.com/ver_elemento_galeria.php,
include/require,./funciones/conexion.php,gimnasiocervantes.com/ver_elemento_galeria.php,
include/require,./funciones/funciones.php,gimnasiocervantes.com/inscripciones.php,
include/require,./funciones/conexion.php,gimnasiocervantes.com/inscripciones.php,
include/require,funciones/conexion.php,gimnasiocervantes.com/ultimas_galerias.php,
include/require,./aplicacion/funciones/funciones_galeria.php,gimnasiocervantes.com/ultimas_galerias.php,
include/require,./funciones/funciones.php,gimnasiocervantes.com/ver_contenido_enlace.php,
include/require,./funciones/conexion.php,gimnasiocervantes.com/ver_contenido_enlace.php,
include/require,./funciones/funciones.php,gimnasiocervantes.com/listado_familiares.php,
include/require,./funciones/conexion.php,gimnasiocervantes.com/listado_familiares.php,
include/require,./funciones/funciones.php,gimnasiocervantes.com/historia.php,
include/require,./funciones/conexion.php,gimnasiocervantes.com/historia.php,
include/require,./funciones/funciones.php,gimnasiocervantes.com/menu_left_2.php,
include/require,./funciones/conexion.php,gimnasiocervantes.com/menu_left_2.php,
include/require,./funciones/funciones_aula.php,gimnasiocervantes.com/prueba_div1.php,
include/require,./funciones/conexion.php,gimnasiocervantes.com/prueba_div1.php,
include/require,./funciones/conexion.php,gimnasiocervantes.com/principal_admin.php,
include/require,./funciones/funciones_aula.php,gimnasiocervantes.com/principal_admin.php,
include/require,./funciones/conexion.php,gimnasiocervantes.com/principal_admin.php,
include/require,./funciones/funciones_aula.php,gimnasiocervantes.com/principal_admin.php,
include/require,./funciones/conexion.php,gimnasiocervantes.com/principal_admin.php,
include/require,./funciones/funciones.php,gimnasiocervantes.com/principal_admin.php,
include/require,menu_left.php,gimnasiocervantes.com/principal_admin.php,
include/require,menu_left_2.php,gimnasiocervantes.com/principal_admin.php,
include/require,pie.php,gimnasiocervantes.com/principal_admin.php,
include/require,./funciones/funciones_aula.php,gimnasiocervantes.com/noticias_padres.php,
include/require,./funciones/conexion.php,gimnasiocervantes.com/noticias_padres.php,
include/require,funciones/conexion.php,gimnasiocervantes.com/index.php,
include/require,funciones/funciones.php,gimnasiocervantes.com/index.php,
include/require,./menu_superior.php,gimnasiocervantes.com/index.php,
include/require,./cabecera.php,gimnasiocervantes.com/index.php,
include/require,./contenido.php,gimnasiocervantes.com/index.php,
include/require,./instalaciones.php,gimnasiocervantes.com/index.php,
include/require,pie.php,gimnasiocervantes.com/index.php,
include/require,funciones/conexion.php,gimnasiocervantes.com/noticias.php,
include/require,funciones/funciones.php,gimnasiocervantes.com/noticias.php,
include/require,funciones/conexion.php,gimnasiocervantes.com/proyectos.php,
include/require,funciones/funciones.php,gimnasiocervantes.com/proyectos.php,
include/require,funciones/conexion.php,gimnasiocervantes.com/prueba_popup.php,
include/require,funciones/funciones.php,gimnasiocervantes.com/prueba_popup.php,
include/require,./funciones/funciones.php,gimnasiocervantes.com/nvo_familiar.php,
include/require,./funciones/conexion.php,gimnasiocervantes.com/nvo_familiar.php,
include/require,activecalendar.php,gimnasiocervantes.com/calendar/activecalendarweek.php,
include/require,activecalendar.php,gimnasiocervantes.com/calendar/js.php,
include/require,../../funciones/conexion.php,gimnasiocervantes.com/nicEdit/demos/demo02.php,
include/require,../../funciones/funciones.php,gimnasiocervantes.com/nicEdit/demos/demo02.php,
include/require,../../funciones/conexion.php,gimnasiocervantes.com/nicEdit/demos/demo01.php,
include/require,../../funciones/funciones.php,gimnasiocervantes.com/nicEdit/demos/demo01.php,
include/require,../funciones/funciones.php,gimnasiocervantes.com/usuario/plan_entrenamiento.php,
include/require,../funciones/conexion.php,gimnasiocervantes.com/usuario/plan_entrenamiento.php,
include/require,../funciones/funciones.php,gimnasiocervantes.com/usuario/comentarios_profesor.php,
include/require,../funciones/conexion.php,gimnasiocervantes.com/usuario/comentarios_profesor.php,
include/require,../aula/botones_retorno.php,gimnasiocervantes.com/usuario/comentarios_profesor.php,
include/require,../funciones/funciones.php,gimnasiocervantes.com/usuario/list_plan_gestor.php,
include/require,../funciones/conexion.php,gimnasiocervantes.com/usuario/list_plan_gestor.php,
include/require,../aula/botones_retorno.php,gimnasiocervantes.com/usuario/list_plan_gestor.php,
include/require,../funciones/conexion.php,gimnasiocervantes.com/usuario/puente_usuario.php,
include/require,../funciones/funciones.php,gimnasiocervantes.com/usuario/puente_usuario.php,
include/require,../funciones/conexion.php,gimnasiocervantes.com/aplicacion/admin_proyecto.php,
include/require,./funciones/funciones_galeria.php,gimnasiocervantes.com/aplicacion/admin_proyecto.php,
include/require,../funciones/conexion.php,gimnasiocervantes.com/aplicacion/ver_proyecto.php,
include/require,../funciones/funciones.php,gimnasiocervantes.com/aplicacion/ver_proyecto.php,
include/require,./informacion_proyecto.php,gimnasiocervantes.com/aplicacion/ver_proyecto.php,
include/require,../funciones/conexion.php,gimnasiocervantes.com/aplicacion/ver_sitio.php,
include/require,./funciones/funciones_galeria.php,gimnasiocervantes.com/aplicacion/ver_sitio.php,
include/require,./informacion.php,gimnasiocervantes.com/aplicacion/ver_sitio.php,
include/require,./funciones/funciones_galeria.php,gimnasiocervantes.com/aplicacion/listado_proyectos.php,
include/require,../funciones/conexion.php,gimnasiocervantes.com/aplicacion/listado_proyectos.php,
include/require,../funciones/conexion.php,gimnasiocervantes.com/aplicacion/admin_header.php,
include/require,./funciones/funciones_galeria.php,gimnasiocervantes.com/aplicacion/admin_header.php,
include/require,./funciones/funciones_galeria.php,gimnasiocervantes.com/aplicacion/listado_galerias_video.php,
include/require,../funciones/conexion.php,gimnasiocervantes.com/aplicacion/listado_galerias_video.php,
include/require,../funciones/conexion.php,gimnasiocervantes.com/aplicacion/informacion_proyecto.php,
include/require,../funciones/funciones.php,gimnasiocervantes.com/aplicacion/informacion_proyecto.php,
include/require,./funciones/funciones_galeria.php,gimnasiocervantes.com/aplicacion/listado_galerias.php,
include/require,../funciones/conexion.php,gimnasiocervantes.com/aplicacion/listado_galerias.php,
include/require,../funciones/conexion.php,gimnasiocervantes.com/aplicacion/informacion.php,
include/require,./funciones/funciones_galeria.php,gimnasiocervantes.com/aplicacion/informacion.php,
include/require,../funciones/conexion.php,gimnasiocervantes.com/aplicacion/admin_galeria.php,
include/require,./funciones/funciones_galeria.php,gimnasiocervantes.com/aplicacion/admin_galeria.php,
include/require,./MPDF56/mpdf.php,gimnasiocervantes.com/pdf/index0.php,
include/require,../funciones/conexion.php,gimnasiocervantes.com/pdf/index0.php,
include/require,../funciones/funciones.php,gimnasiocervantes.com/pdf/index0.php,
include/require,../funciones/funciones.php,gimnasiocervantes.com/pdf/index_alumno.php,
include/require,../funciones/conexion.php,gimnasiocervantes.com/pdf/index_alumno.php,
include/require,./MPDF56/mpdf.php,gimnasiocervantes.com/pdf/index_sin_arte_2017.php,
include/require,../funciones/conexion.php,gimnasiocervantes.com/pdf/index_sin_arte_2017.php,
include/require,../funciones/funciones.php,gimnasiocervantes.com/pdf/index_sin_arte_2017.php,
include/require,./MPDF56/mpdf.php,gimnasiocervantes.com/pdf/list_desempenios_bajos.php,
include/require,../funciones/conexion.php,gimnasiocervantes.com/pdf/list_desempenios_bajos.php,
include/require,../funciones/funciones.php,gimnasiocervantes.com/pdf/list_desempenios_bajos.php,
include/require,./MPDF56/mpdf.php,gimnasiocervantes.com/pdf/index_libro_otro.php,
include/require,../funciones/conexion.php,gimnasiocervantes.com/pdf/index_libro_otro.php,
include/require,../funciones/funciones.php,gimnasiocervantes.com/pdf/index_libro_otro.php,
include/require,./MPDF56/mpdf.php,gimnasiocervantes.com/pdf/index_sin_arte.php,
include/require,../funciones/conexion.php,gimnasiocervantes.com/pdf/index_sin_arte.php,
include/require,../funciones/funciones.php,gimnasiocervantes.com/pdf/index_sin_arte.php,
include/require,./MPDF56/mpdf.php,gimnasiocervantes.com/pdf/index_sin_arte_final.php,
include/require,../funciones/conexion.php,gimnasiocervantes.com/pdf/index_sin_arte_final.php,
include/require,../funciones/funciones.php,gimnasiocervantes.com/pdf/index_sin_arte_final.php,
include/require,../funciones/funciones.php,gimnasiocervantes.com/pdf/index_certificado.php,
include/require,../funciones/conexion.php,gimnasiocervantes.com/pdf/index_certificado.php,
include/require,../funciones/funciones.php,gimnasiocervantes.com/pdf/filtro_boletin_individual.php,
include/require,../funciones/conexion.php,gimnasiocervantes.com/pdf/filtro_boletin_individual.php,
include/require,./MPDF56/mpdf.php,gimnasiocervantes.com/pdf/index_pin.php,
include/require,../funciones/conexion.php,gimnasiocervantes.com/pdf/index_pin.php,
include/require,../funciones/funciones.php,gimnasiocervantes.com/pdf/index_pin.php,
include/require,../funciones/conexion.php,gimnasiocervantes.com/pdf/puntaje.php,
include/require,../funciones/funciones.php,gimnasiocervantes.com/pdf/puntaje.php,
include/require,./MPDF56/mpdf.php,gimnasiocervantes.com/pdf/index_sin_arte_1.php,
include/require,../funciones/conexion.php,gimnasiocervantes.com/pdf/index_sin_arte_1.php,
include/require,../funciones/funciones.php,gimnasiocervantes.com/pdf/index_sin_arte_1.php,
include/require,../funciones/funciones.php,gimnasiocervantes.com/pdf/index_final.php,
include/require,../funciones/conexion.php,gimnasiocervantes.com/pdf/index_final.php,
include/require,./MPDF56/mpdf.php,gimnasiocervantes.com/pdf/index2.php,
include/require,../funciones/conexion.php,gimnasiocervantes.com/pdf/index2.php,
include/require,../funciones/funciones.php,gimnasiocervantes.com/pdf/index2.php,
include/require,./MPDF56/mpdf.php,gimnasiocervantes.com/pdf/index_sin_arte_boletin_solo.php,
include/require,../funciones/conexion.php,gimnasiocervantes.com/pdf/index_sin_arte_boletin_solo.php,
include/require,../funciones/funciones.php,gimnasiocervantes.com/pdf/index_sin_arte_boletin_solo.php,
include/require,./MPDF56/mpdf.php,gimnasiocervantes.com/pdf/index_sin_arte_certificado_alumno2.php,
include/require,../funciones/conexion.php,gimnasiocervantes.com/pdf/index_sin_arte_certificado_alumno2.php,
include/require,../funciones/funciones.php,gimnasiocervantes.com/pdf/index_sin_arte_certificado_alumno2.php,
include/require,./MPDF56/mpdf.php,gimnasiocervantes.com/pdf/index_libro_listas.php,
include/require,../funciones/conexion.php,gimnasiocervantes.com/pdf/index_libro_listas.php,
include/require,../funciones/funciones.php,gimnasiocervantes.com/pdf/index_libro_listas.php,
include/require,./MPDF56/mpdf.php,gimnasiocervantes.com/pdf/index1.php,
include/require,../funciones/conexion.php,gimnasiocervantes.com/pdf/index1.php,
include/require,../funciones/funciones.php,gimnasiocervantes.com/pdf/index1.php,
include/require,./MPDF56/mpdf.php,gimnasiocervantes.com/pdf/index_sin_arte_certificado_solo.php,
include/require,../funciones/conexion.php,gimnasiocervantes.com/pdf/index_sin_arte_certificado_solo.php,
include/require,../funciones/funciones.php,gimnasiocervantes.com/pdf/index_sin_arte_certificado_solo.php,
include/require,./MPDF56/mpdf.php,gimnasiocervantes.com/pdf/index_sin_arte_certificado.php,
include/require,../funciones/conexion.php,gimnasiocervantes.com/pdf/index_sin_arte_certificado.php,
include/require,../funciones/funciones.php,gimnasiocervantes.com/pdf/index_sin_arte_certificado.php,
include/require,../funciones/funciones.php,gimnasiocervantes.com/pdf/index_certificado_alumno.php,
include/require,../funciones/conexion.php,gimnasiocervantes.com/pdf/index_certificado_alumno.php,
include/require,./MPDF56/mpdf.php,gimnasiocervantes.com/pdf/index_recibo_otros.php,
include/require,../funciones/conexion.php,gimnasiocervantes.com/pdf/index_recibo_otros.php,
include/require,../funciones/funciones.php,gimnasiocervantes.com/pdf/index_recibo_otros.php,
include/require,./MPDF56/mpdf.php,gimnasiocervantes.com/pdf/index_logros.php,
include/require,../funciones/conexion.php,gimnasiocervantes.com/pdf/index_logros.php,
include/require,../funciones/funciones.php,gimnasiocervantes.com/pdf/index_logros.php,
include/require,./MPDF56/mpdf.php,gimnasiocervantes.com/pdf/index_libro.php,
include/require,../funciones/conexion.php,gimnasiocervantes.com/pdf/index_libro.php,
include/require,../funciones/funciones.php,gimnasiocervantes.com/pdf/index_libro.php,
include/require,./MPDF56/mpdf.php,gimnasiocervantes.com/pdf/index_recibo.php,
include/require,../funciones/conexion.php,gimnasiocervantes.com/pdf/index_recibo.php,
include/require,../funciones/funciones.php,gimnasiocervantes.com/pdf/index_recibo.php,
include/require,./MPDF56/mpdf.php,gimnasiocervantes.com/pdf/index_recibo_copia.php,
include/require,../funciones/conexion.php,gimnasiocervantes.com/pdf/index_recibo_copia.php,
include/require,../funciones/funciones.php,gimnasiocervantes.com/pdf/index_recibo_copia.php,
include/require,../funciones/funciones.php,gimnasiocervantes.com/pdf/index.php,
include/require,../funciones/conexion.php,gimnasiocervantes.com/pdf/index.php,
include/require,./MPDF56/mpdf.php,gimnasiocervantes.com/pdf/index_casos_especiales.php,
include/require,../funciones/conexion.php,gimnasiocervantes.com/pdf/index_casos_especiales.php,
include/require,../funciones/funciones.php,gimnasiocervantes.com/pdf/index_casos_especiales.php,
include/require,./MPDF56/mpdf.php,gimnasiocervantes.com/pdf/index_libro_recuperacion.php,
include/require,../funciones/conexion.php,gimnasiocervantes.com/pdf/index_libro_recuperacion.php,
include/require,../funciones/funciones.php,gimnasiocervantes.com/pdf/index_libro_recuperacion.php,
include/require,mpdf.php,gimnasiocervantes.com/pdf/MPDF56/compress.php,
include/require,../mpdf.php,gimnasiocervantes.com/pdf/MPDF56/examples/example37_barcodes.php,
include/require,../mpdf.php,gimnasiocervantes.com/pdf/MPDF56/examples/example44_MPDFI_yearbook.php,
include/require,../mpdf.php,gimnasiocervantes.com/pdf/MPDF56/examples/example52_new_mPDF_4-2_features.php,
include/require,../mpdf.php,gimnasiocervantes.com/pdf/MPDF56/examples/example55_new_mPDF_v5-1_color_and_other_features.php,
include/require,../mpdf.php,gimnasiocervantes.com/pdf/MPDF56/examples/example15_headers_method_1.php,
include/require,../mpdf.php,gimnasiocervantes.com/pdf/MPDF56/examples/example30_arabic.php,
include/require,../mpdf.php,gimnasiocervantes.com/pdf/MPDF56/examples/ej1.php,
include/require,../mpdf.php,gimnasiocervantes.com/pdf/MPDF56/examples/example19_page_sizes.php,
include/require,../mpdf.php,gimnasiocervantes.com/pdf/MPDF56/examples/example29_multilingual_autofont.php,
include/require,../mpdf.php,gimnasiocervantes.com/pdf/MPDF56/examples/example53_new_mPDF_v5-0_fonts.php,
include/require,../mpdf.php,gimnasiocervantes.com/pdf/MPDF56/examples/example12_paging_html.php,
include/require,../mpdf.php,gimnasiocervantes.com/pdf/MPDF56/examples/example59_new_mPDF_v5-6_features.php,
include/require,../mpdf.php,gimnasiocervantes.com/pdf/MPDF56/examples/example48_progress_bars_advanced.php,
include/require,../mpdf.php,gimnasiocervantes.com/pdf/MPDF56/examples/example54_new_mPDF_v5-1_features_gradients_and_images.php,
include/require,../mpdf.php,gimnasiocervantes.com/pdf/MPDF56/examples/example23_orientation.php,
include/require,../mpdf.php,gimnasiocervantes.com/pdf/MPDF56/examples/example27_CJK_using_Adobe_fonts.php,
include/require,../mpdf.php,gimnasiocervantes.com/pdf/MPDF56/examples/example13_paging_css.php,
include/require,../mpdf.php,gimnasiocervantes.com/pdf/MPDF56/examples/example24_orientation_2.php,
include/require,../mpdf.php,gimnasiocervantes.com/pdf/MPDF56/examples/show_code.php,
include/require,../mpdf.php,gimnasiocervantes.com/pdf/MPDF56/examples/example57_new_mPDF_v5-3_active_forms.php,
include/require,../mpdf.php,gimnasiocervantes.com/pdf/MPDF56/examples/example40_MPDFI_thumbnails.php,
include/require,../mpdf.php,gimnasiocervantes.com/pdf/MPDF56/examples/example01_basic.php,
include/require,../mpdf.php,gimnasiocervantes.com/pdf/MPDF56/examples/example36_annotations_and_Attached_files.php,
include/require,../mpdf.php,gimnasiocervantes.com/pdf/MPDF56/examples/example60_new_mPDF_v5-7_features.php,
include/require,../mpdf.php,gimnasiocervantes.com/pdf/MPDF56/examples/example50_new_mPDF_3_features.php,
include/require,../mpdf.php,gimnasiocervantes.com/pdf/MPDF56/examples/example09_forms.php,
include/require,../mpdf.php,gimnasiocervantes.com/pdf/MPDF56/examples/example14_page_numbers_ToC_Index_Bookmarks.php,
include/require,../mpdf.php,gimnasiocervantes.com/pdf/MPDF56/examples/example32_indic.php,
include/require,../mpdf.php,gimnasiocervantes.com/pdf/MPDF56/examples/example49_changelog.php,
include/require,../mpdf.php,gimnasiocervantes.com/pdf/MPDF56/examples/example22_columns.php,
include/require,../mpdf.php,gimnasiocervantes.com/pdf/MPDF56/examples/example39_PDFA_compliance.php,
include/require,../mpdf.php,gimnasiocervantes.com/pdf/MPDF56/examples/example56_new_mPDF_v5-1_features_grayscale.php,
include/require,../mpdf.php,gimnasiocervantes.com/pdf/MPDF56/examples/example04_images.php,
include/require,../mpdf.php,gimnasiocervantes.com/pdf/MPDF56/examples/example16_headers_method_2.php,
include/require,../mpdf.php,gimnasiocervantes.com/pdf/MPDF56/examples/example08_lists.php,
include/require,../mpdf.php,gimnasiocervantes.com/pdf/MPDF56/examples/example43_MPDFI_booklet.php,
include/require,../mpdf.php,gimnasiocervantes.com/pdf/MPDF56/examples/example58_new_mPDF_v5-4_features.php,
include/require,../mpdf.php,gimnasiocervantes.com/pdf/MPDF56/examples/example02_CSS_styles.php,
include/require,../mpdf.php,gimnasiocervantes.com/pdf/MPDF56/examples/example41_MPDFI_template.php,
include/require,../mpdf.php,gimnasiocervantes.com/pdf/MPDF56/examples/example07_tables_borders.php,
include/require,../mpdf.php,gimnasiocervantes.com/pdf/MPDF56/examples/example38_dot_tab.php,
include/require,../mpdf.php,gimnasiocervantes.com/pdf/MPDF56/examples/example47_progress_bars_simple_custom.php,
include/require,../mpdf.php,gimnasiocervantes.com/pdf/MPDF56/examples/example11_overflow_auto.php,
include/require,../mpdf.php,gimnasiocervantes.com/pdf/MPDF56/examples/example20_justify.php,
include/require,../mpdf.php,gimnasiocervantes.com/pdf/MPDF56/examples/example10_floating_and_fixed_position_elements.php,
include/require,../mpdf.php,gimnasiocervantes.com/pdf/MPDF56/examples/example06_tables_nested.php,
include/require,../mpdf.php,gimnasiocervantes.com/pdf/MPDF56/examples/example21_hyphenation.php,
include/require,../mpdf.php,gimnasiocervantes.com/pdf/MPDF56/examples/example03_backgrounds_and_borders.php,
include/require,../mpdf.php,gimnasiocervantes.com/pdf/MPDF56/examples/example18_headers_method_4.php,
include/require,../mpdf.php,gimnasiocervantes.com/pdf/MPDF56/examples/example57_new_mPDF_v5-3_active_forms_b.php,
include/require,../mpdf.php,gimnasiocervantes.com/pdf/MPDF56/examples/example35_watermarks.php,
include/require,../mpdf.php,gimnasiocervantes.com/pdf/MPDF56/examples/example28_CJK_using_embedded_fonts.php,
include/require,../mpdf.php,gimnasiocervantes.com/pdf/MPDF56/examples/example17_headers_method_3.php,
include/require,../mpdf.php,gimnasiocervantes.com/pdf/MPDF56/examples/example51_new_mPDF_4_features.php,
include/require,../mpdf.php,gimnasiocervantes.com/pdf/MPDF56/examples/example42_MPDFI_templatedoc.php,
include/require,../mpdf.php,gimnasiocervantes.com/pdf/MPDF56/examples/example26_RTL.php,
include/require,../mpdf.php,gimnasiocervantes.com/pdf/MPDF56/examples/example46_progress_bars_simple.php,
include/require,../mpdf.php,gimnasiocervantes.com/pdf/MPDF56/examples/example05_tables.php,
include/require,../mpdf.php,gimnasiocervantes.com/pdf/MPDF56/utils/font_dump.php,
include/require,UnicodeRanges.php,gimnasiocervantes.com/pdf/MPDF56/utils/font_dump.php,
include/require,../mpdf.php,gimnasiocervantes.com/pdf/MPDF56/utils/font_names.php,
include/require,../mpdf.php,gimnasiocervantes.com/pdf/MPDF56/utils/font_coverage.php,
include/require,UnicodeRanges.php,gimnasiocervantes.com/pdf/MPDF56/utils/font_coverage.php,
include/require,../mpdf.php,gimnasiocervantes.com/pdf/MPDF56/utils/font_collections.php,
include/require,../funciones/conexion.php,gimnasiocervantes.com/procesos_bg/genere_promedio_definitiva_2.php,
include/require,../funciones/funciones.php,gimnasiocervantes.com/procesos_bg/genere_promedio_definitiva_2.php,
include/require,../funciones/funciones.php,gimnasiocervantes.com/procesos_bg/generar_consolidado_pg.php,
include/require,../funciones/conexion.php,gimnasiocervantes.com/procesos_bg/generar_consolidado_pg.php,
include/require,../funciones/conexion.php,gimnasiocervantes.com/procesos_bg/filtro_puntaje.php,
include/require,../funciones/funciones.php,gimnasiocervantes.com/procesos_bg/filtro_puntaje.php,
include/require,../funciones/funciones.php,gimnasiocervantes.com/procesos_bg/filtro_promocion.php,
include/require,../funciones/conexion.php,gimnasiocervantes.com/procesos_bg/filtro_promocion.php,
include/require,../funciones/funciones.php,gimnasiocervantes.com/procesos_bg/borrar_logros_todos.php,
include/require,../funciones/conexion.php,gimnasiocervantes.com/procesos_bg/borrar_logros_todos.php,
include/require,../funciones/conexion.php,gimnasiocervantes.com/procesos_bg/genere_promedio_definitiva.php,
include/require,../funciones/funciones.php,gimnasiocervantes.com/procesos_bg/genere_promedio_definitiva.php,
include/require,../funciones/conexion.php,gimnasiocervantes.com/procesos_bg/puntaje.php,
include/require,../funciones/funciones.php,gimnasiocervantes.com/procesos_bg/puntaje.php,
include/require,../funciones/funciones.php,gimnasiocervantes.com/procesos_bg/promocion.php,
include/require,../funciones/conexion.php,gimnasiocervantes.com/procesos_bg/promocion.php,
include/require,../funciones/funciones.php,gimnasiocervantes.com/procesos_bg/logros_todos_final.php,
include/require,../funciones/conexion.php,gimnasiocervantes.com/procesos_bg/logros_todos_final.php,
include/require,../funciones/conexion.php,gimnasiocervantes.com/procesos_bg/genere_2017.php,
include/require,../funciones/funciones.php,gimnasiocervantes.com/procesos_bg/genere_2017.php,
include/require,../funciones/funciones.php,gimnasiocervantes.com/procesos_bg/facturar_anio.php,
include/require,../funciones/conexion.php,gimnasiocervantes.com/procesos_bg/facturar_anio.php,
include/require,../funciones/conexion.php,gimnasiocervantes.com/procesos_bg/logro_30.php,
include/require,../funciones/funciones.php,gimnasiocervantes.com/procesos_bg/logro_30.php,
include/require,../funciones/funciones.php,gimnasiocervantes.com/procesos_bg/logros_todos.php,
include/require,../funciones/conexion.php,gimnasiocervantes.com/procesos_bg/logros_todos.php,
include/require,../funciones/funciones.php,gimnasiocervantes.com/procesos_bg/filtro_finales.php,
include/require,../funciones/conexion.php,gimnasiocervantes.com/procesos_bg/filtro_finales.php,
include/require,../funciones/funciones.php,gimnasiocervantes.com/procesos_bg/filtro_consolidado_pg.php,
include/require,../funciones/conexion.php,gimnasiocervantes.com/procesos_bg/filtro_consolidado_pg.php,
include/require,../../../funciones/funciones.php,gimnasiocervantes.com/web_cam/jpegcam/htdocs/listado2.php,
include/require,../../../funciones/conexion.php,gimnasiocervantes.com/web_cam/jpegcam/htdocs/listado2.php,
include/require,../../../funciones/funciones.php,gimnasiocervantes.com/web_cam/jpegcam/htdocs/listado.php,
include/require,../../../funciones/conexion.php,gimnasiocervantes.com/web_cam/jpegcam/htdocs/listado.php,
include/require,../../../funciones/funciones.php,gimnasiocervantes.com/web_cam/jpegcam/htdocs/listado_profesores.php,
include/require,../../../funciones/conexion.php,gimnasiocervantes.com/web_cam/jpegcam/htdocs/listado_profesores.php,
include/require,../funciones/funciones_aula.php,gimnasiocervantes.com/aula/listado_opciones3.php,
include/require,../funciones/conexion.php,gimnasiocervantes.com/aula/listado_opciones3.php,
include/require,../funciones/funciones_aula.php,gimnasiocervantes.com/aula/impartir_clase.php,
include/require,../funciones/conexion.php,gimnasiocervantes.com/aula/impartir_clase.php,
include/require,botones_retorno.php,gimnasiocervantes.com/aula/impartir_clase.php,
include/require,botones_clase.php,gimnasiocervantes.com/aula/impartir_clase.php,
include/require,info_clase.php,gimnasiocervantes.com/aula/impartir_clase.php,
include/require,../funciones/funciones_aula.php,gimnasiocervantes.com/aula/info_elemento_web.php,
include/require,../funciones/conexion.php,gimnasiocervantes.com/aula/info_elemento_web.php,
include/require,listado_elementos_web.php,gimnasiocervantes.com/aula/info_elemento_web.php,
include/require,../funciones/funciones_aula.php,gimnasiocervantes.com/aula/info_elemento.php,
include/require,../funciones/conexion.php,gimnasiocervantes.com/aula/info_elemento.php,
include/require,listado_grupo_clase.php,gimnasiocervantes.com/aula/info_elemento.php,
include/require,listado_elementos.php,gimnasiocervantes.com/aula/info_elemento.php,
include/require,listado_preguntas.php,gimnasiocervantes.com/aula/info_elemento.php,
include/require,../funciones/funciones.php,gimnasiocervantes.com/aula/guias.php,
include/require,../funciones/conexion.php,gimnasiocervantes.com/aula/guias.php,
include/require,botones_retorno.php,gimnasiocervantes.com/aula/guias.php,
include/require,../funciones/funciones_aula.php,gimnasiocervantes.com/aula/ver_pregunta.php,
include/require,../funciones/conexion.php,gimnasiocervantes.com/aula/ver_pregunta.php,
include/require,../funciones/funciones_aula.php,gimnasiocervantes.com/aula/ver_elemento.php,
include/require,../funciones/conexion.php,gimnasiocervantes.com/aula/ver_elemento.php,
include/require,../funciones/funciones.php,gimnasiocervantes.com/aula/asignaturas_comunicados.php,
include/require,../funciones/conexion.php,gimnasiocervantes.com/aula/asignaturas_comunicados.php,
include/require,botones_retorno.php,gimnasiocervantes.com/aula/asignaturas_comunicados.php,
include/require,../funciones/funciones_aula.php,gimnasiocervantes.com/aula/listado_elementos_web.php,
include/require,../funciones/conexion.php,gimnasiocervantes.com/aula/listado_elementos_web.php,
include/require,../funciones/funciones_aula.php,gimnasiocervantes.com/aula/listado_preguntas.php,
include/require,../funciones/conexion.php,gimnasiocervantes.com/aula/listado_preguntas.php,
include/require,../funciones/funciones_aula.php,gimnasiocervantes.com/aula/listado_clases_alumno.php,
include/require,../funciones/conexion.php,gimnasiocervantes.com/aula/listado_clases_alumno.php,
include/require,./botones_retorno.php,gimnasiocervantes.com/aula/listado_clases_alumno.php,
include/require,../funciones/conexion.php,gimnasiocervantes.com/aula/nueva_guia.php,
include/require,../funciones/funciones.php,gimnasiocervantes.com/aula/nueva_guia.php,
include/require,botones_retorno.php,gimnasiocervantes.com/aula/nueva_guia.php,
include/require,../funciones/funciones.php,gimnasiocervantes.com/aula/asignaturas_profesor.php,
include/require,../funciones/conexion.php,gimnasiocervantes.com/aula/asignaturas_profesor.php,
include/require,../funciones/funciones_aula.php,gimnasiocervantes.com/aula/form_actividad.php,
include/require,../funciones/conexion.php,gimnasiocervantes.com/aula/form_actividad.php,
include/require,../funciones/conexion.php,gimnasiocervantes.com/aula/nueva_evaluacion.php,
include/require,../funciones/funciones.php,gimnasiocervantes.com/aula/nueva_evaluacion.php,
include/require,botones_retorno.php,gimnasiocervantes.com/aula/nueva_evaluacion.php,
include/require,../funciones/funciones_aula.php,gimnasiocervantes.com/aula/form_tipo_pregunta.php,
include/require,../funciones/conexion.php,gimnasiocervantes.com/aula/form_tipo_pregunta.php,
include/require,../funciones/funciones_aula.php,gimnasiocervantes.com/aula/listado_grupo_clase.php,
include/require,../funciones/conexion.php,gimnasiocervantes.com/aula/listado_grupo_clase.php,
include/require,../funciones/funciones_aula.php,gimnasiocervantes.com/aula/botones_clase.php,
include/require,../funciones/conexion.php,gimnasiocervantes.com/aula/botones_clase.php,
include/require,../funciones/funciones.php,gimnasiocervantes.com/aula/evaluaciones.php,
include/require,../funciones/conexion.php,gimnasiocervantes.com/aula/evaluaciones.php,
include/require,botones_retorno.php,gimnasiocervantes.com/aula/evaluaciones.php,
include/require,../funciones/funciones_aula.php,gimnasiocervantes.com/aula/listado_clases.php,
include/require,../funciones/conexion.php,gimnasiocervantes.com/aula/listado_clases.php,
include/require,./botones_retorno.php,gimnasiocervantes.com/aula/listado_clases.php,
include/require,../funciones/funciones_aula.php,gimnasiocervantes.com/aula/archivos_taller_cargados.php,
include/require,../funciones/conexion.php,gimnasiocervantes.com/aula/archivos_taller_cargados.php,
include/require,../funciones/funciones_aula.php,gimnasiocervantes.com/aula/form_pregunta.php,
include/require,../funciones/conexion.php,gimnasiocervantes.com/aula/form_pregunta.php,
include/require,listado_opciones.php,gimnasiocervantes.com/aula/form_pregunta.php,
include/require,listado_opciones2.php,gimnasiocervantes.com/aula/form_pregunta.php,
include/require,listado_opciones3.php,gimnasiocervantes.com/aula/form_pregunta.php,
include/require,../funciones/funciones_aula.php,gimnasiocervantes.com/aula/listado_opciones.php,
include/require,../funciones/conexion.php,gimnasiocervantes.com/aula/listado_opciones.php,
include/require,../funciones/funciones_aula.php,gimnasiocervantes.com/aula/gestionar_clase.php,
include/require,../funciones/conexion.php,gimnasiocervantes.com/aula/gestionar_clase.php,
include/require,botones_retorno.php,gimnasiocervantes.com/aula/gestionar_clase.php,
include/require,form_actividad.php,gimnasiocervantes.com/aula/gestionar_clase.php,
include/require,info_elemento.php,gimnasiocervantes.com/aula/gestionar_clase.php,
include/require,../funciones/funciones_aula.php,gimnasiocervantes.com/aula/gestionar_taller.php,
include/require,../funciones/conexion.php,gimnasiocervantes.com/aula/gestionar_taller.php,
include/require,botones_retorno.php,gimnasiocervantes.com/aula/gestionar_taller.php,
include/require,form_actividad.php,gimnasiocervantes.com/aula/gestionar_taller.php,
include/require,info_elemento.php,gimnasiocervantes.com/aula/gestionar_taller.php,
include/require,../funciones/funciones_aula.php,gimnasiocervantes.com/aula/form_elemento.php,
include/require,../funciones/conexion.php,gimnasiocervantes.com/aula/form_elemento.php,
include/require,../funciones/funciones.php,gimnasiocervantes.com/aula/guias_alumno.php,
include/require,../funciones/conexion.php,gimnasiocervantes.com/aula/guias_alumno.php,
include/require,botones_retorno.php,gimnasiocervantes.com/aula/guias_alumno.php,
include/require,../funciones/funciones_aula.php,gimnasiocervantes.com/aula/info_clase.php,
include/require,../funciones/conexion.php,gimnasiocervantes.com/aula/info_clase.php,
include/require,../funciones/funciones.php,gimnasiocervantes.com/aula/gestion_comunicado.php,
include/require,../funciones/conexion.php,gimnasiocervantes.com/aula/gestion_comunicado.php,
include/require,botones_retorno.php,gimnasiocervantes.com/aula/gestion_comunicado.php,
include/require,../administrativo/form_comunicado.php,gimnasiocervantes.com/aula/gestion_comunicado.php,
include/require,../administrativo/filtro_alumnos_grupo.php,gimnasiocervantes.com/aula/gestion_comunicado.php,
include/require,../funciones/funciones_aula.php,gimnasiocervantes.com/aula/listado_elementos.php,
include/require,../funciones/conexion.php,gimnasiocervantes.com/aula/listado_elementos.php,
include/require,../funciones/funciones.php,gimnasiocervantes.com/aula/evaluaciones_impresion.php,
include/require,../funciones/conexion.php,gimnasiocervantes.com/aula/evaluaciones_impresion.php,
include/require,botones_retorno.php,gimnasiocervantes.com/aula/evaluaciones_impresion.php,
include/require,../funciones/funciones_aula.php,gimnasiocervantes.com/aula/form_elemento_web.php,
include/require,../funciones/conexion.php,gimnasiocervantes.com/aula/form_elemento_web.php,
include/require,../funciones/funciones_aula.php,gimnasiocervantes.com/aula/ver_elemento_web.php,
include/require,../funciones/conexion.php,gimnasiocervantes.com/aula/ver_elemento_web.php,
include/require,../funciones/funciones_aula.php,gimnasiocervantes.com/aula/subir_archivo_taller.php,
include/require,../funciones/conexion.php,gimnasiocervantes.com/aula/subir_archivo_taller.php,
include/require,../funciones/funciones_aula.php,gimnasiocervantes.com/aula/listado_opciones2.php,
include/require,../funciones/conexion.php,gimnasiocervantes.com/aula/listado_opciones2.php,
include/require,../funciones/funciones.php,gimnasiocervantes.com/funciones/recomendaciones_grupo.php,
include/require,../funciones/conexion.php,gimnasiocervantes.com/funciones/recomendaciones_grupo.php,
include/require,../administrativo/filtro_alumnos_grupo.php,gimnasiocervantes.com/funciones/recomendaciones_grupo.php,
include/require,conexion.php,gimnasiocervantes.com/funciones/ejecutar_query.php,
include/require,conexion.php,gimnasiocervantes.com/funciones/prueba_xml.php,
include/require,ckeditor/ckeditor.php,gimnasiocervantes.com/public/ckeditor_/ckeditor.php,
include/require,../../../funciones/funciones.php,gimnasiocervantes.com/public/ckeditor_/_samples/fullpage.php,
include/require,../../../funciones/conexion.php,gimnasiocervantes.com/public/ckeditor_/_samples/fullpage.php,
include/require,../../ckeditor.php,gimnasiocervantes.com/public/ckeditor_/_samples/php/replaceall.php,
include/require,../../ckeditor.php,gimnasiocervantes.com/public/ckeditor_/_samples/php/advanced.php,
include/require,../../ckeditor.php,gimnasiocervantes.com/public/ckeditor_/_samples/php/standalone.php,
include/require,../../ckeditor.php,gimnasiocervantes.com/public/ckeditor_/_samples/php/replace.php,
include/require,../../ckeditor.php,gimnasiocervantes.com/public/ckeditor_/_samples/php/events.php,
include/require,../../../funciones/funciones.php,gimnasiocervantes.com/public/ckeditor/_samples/fullpage.php,
include/require,../../../funciones/conexion.php,gimnasiocervantes.com/public/ckeditor/_samples/fullpage.php,
include/require,assets/posteddata.php,gimnasiocervantes.com/public/ckeditor/_samples/old/sample_posteddata.php,
include/require,05featuredemo.inc.php,gimnasiocervantes.com/PHPExcel/Examples/41password.php,
include/require,PHPExcel/IOFactory.php,gimnasiocervantes.com/PHPExcel/Examples/35chartrender.php,
include/require,05featuredemo.inc.php,gimnasiocervantes.com/PHPExcel/Examples/05featuredemo.php,
include/require,PHPExcel/IOFactory.php,gimnasiocervantes.com/PHPExcel/Examples/36chartreadwriteHTML.php,
include/require,05featuredemo.inc.php,gimnasiocervantes.com/PHPExcel/Examples/14excel5.php,
include/require,PHPExcel/IOFactory.php,gimnasiocervantes.com/PHPExcel/Examples/36chartreadwritePDF.php,
include/require,05featuredemo.inc.php,gimnasiocervantes.com/PHPExcel/Examples/21pdf.php,
include/require,05featuredemo.inc.php,gimnasiocervantes.com/PHPExcel/Examples/17html.php,
include/require,05featuredemo.inc.php,gimnasiocervantes.com/PHPExcel/Examples/16csv.php,
include/require,../Classes/PHPExcel/IOFactory.php,gimnasiocervantes.com/PHPExcel/Examples/16csv.php,
include/require,PHPExcel/IOFactory.php,gimnasiocervantes.com/PHPExcel/Examples/Quadratic.php,
include/require,PHPExcel/IOFactory.php,gimnasiocervantes.com/PHPExcel/Examples/32chartreadwrite.php,
include/require,PHPExcel/Calculation.php,gimnasiocervantes.com/PHPExcel/Examples/Quadratic2.php,
include/require,PHPExcel.php,gimnasiocervantes.com/PHPExcel/Documentation/Examples/Calculations/Database/DAVERAGE.php,
include/require,PHPExcel.php,gimnasiocervantes.com/PHPExcel/Documentation/Examples/Calculations/Database/DMAX.php,
include/require,PHPExcel.php,gimnasiocervantes.com/PHPExcel/Documentation/Examples/Calculations/Database/DVAR.php,
include/require,PHPExcel.php,gimnasiocervantes.com/PHPExcel/Documentation/Examples/Calculations/Database/DVARP.php,
include/require,PHPExcel.php,gimnasiocervantes.com/PHPExcel/Documentation/Examples/Calculations/Database/DPRODUCT.php,
include/require,PHPExcel.php,gimnasiocervantes.com/PHPExcel/Documentation/Examples/Calculations/Database/DSTDEVP.php,
include/require,PHPExcel.php,gimnasiocervantes.com/PHPExcel/Documentation/Examples/Calculations/Database/DMIN.php,
include/require,PHPExcel.php,gimnasiocervantes.com/PHPExcel/Documentation/Examples/Calculations/Database/DSTDEV.php,
include/require,PHPExcel.php,gimnasiocervantes.com/PHPExcel/Documentation/Examples/Calculations/Database/DCOUNT.php,
include/require,PHPExcel.php,gimnasiocervantes.com/PHPExcel/Documentation/Examples/Calculations/Database/DGET.php,
include/require,PHPExcel.php,gimnasiocervantes.com/PHPExcel/Documentation/Examples/Calculations/DateTime/TIME.php,
include/require,PHPExcel.php,gimnasiocervantes.com/PHPExcel/Documentation/Examples/Calculations/DateTime/DATEVALUE.php,
include/require,PHPExcel.php,gimnasiocervantes.com/PHPExcel/Documentation/Examples/Calculations/DateTime/TIMEVALUE.php,
include/require,PHPExcel.php,gimnasiocervantes.com/PHPExcel/Documentation/Examples/Calculations/DateTime/DATE.php,
include/require,PHPExcel/IOFactory.php,gimnasiocervantes.com/PHPExcel/Documentation/Examples/Reader/exampleReader15.php,
include/require,PHPExcel/IOFactory.php,gimnasiocervantes.com/PHPExcel/Documentation/Examples/Reader/exampleReader05.php,
include/require,PHPExcel/IOFactory.php,gimnasiocervantes.com/PHPExcel/Documentation/Examples/Reader/exampleReader10.php,
include/require,PHPExcel/IOFactory.php,gimnasiocervantes.com/PHPExcel/Documentation/Examples/Reader/exampleReader13.php,
include/require,PHPExcel/IOFactory.php,gimnasiocervantes.com/PHPExcel/Documentation/Examples/Reader/exampleReader02.php,
include/require,PHPExcel/IOFactory.php,gimnasiocervantes.com/PHPExcel/Documentation/Examples/Reader/exampleReader07.php,
include/require,PHPExcel/IOFactory.php,gimnasiocervantes.com/PHPExcel/Documentation/Examples/Reader/exampleReader03.php,
include/require,PHPExcel/IOFactory.php,gimnasiocervantes.com/PHPExcel/Documentation/Examples/Reader/exampleReader16.php,
include/require,PHPExcel/IOFactory.php,gimnasiocervantes.com/PHPExcel/Documentation/Examples/Reader/exampleReader17.php,
include/require,PHPExcel/IOFactory.php,gimnasiocervantes.com/PHPExcel/Documentation/Examples/Reader/exampleReader12.php,
include/require,PHPExcel/IOFactory.php,gimnasiocervantes.com/PHPExcel/Documentation/Examples/Reader/exampleReader08.php,
include/require,PHPExcel/IOFactory.php,gimnasiocervantes.com/PHPExcel/Documentation/Examples/Reader/exampleReader14.php,
include/require,PHPExcel/IOFactory.php,gimnasiocervantes.com/PHPExcel/Documentation/Examples/Reader/exampleReader11.php,
include/require,PHPExcel/IOFactory.php,gimnasiocervantes.com/PHPExcel/Documentation/Examples/Reader/exampleReader06.php,
include/require,PHPExcel/IOFactory.php,gimnasiocervantes.com/PHPExcel/Documentation/Examples/Reader/exampleReader09.php,
include/require,PHPExcel/IOFactory.php,gimnasiocervantes.com/PHPExcel/Documentation/Examples/Reader/exampleReader01.php,
include/require,PHPExcel/IOFactory.php,gimnasiocervantes.com/PHPExcel/Documentation/Examples/Reader/exampleReader04.php,
include/require,PHPExcel/IOFactory.php,gimnasiocervantes.com/PHPExcel/Documentation/Examples/Reader/exampleReader19.php,
include/require,PHPExcel/IOFactory.php,gimnasiocervantes.com/PHPExcel/Documentation/Examples/Reader/exampleReader18.php,
include/require,PHPExcel/IOFactory.php,gimnasiocervantes.com/PHPExcel/Documentation/Examples/Reading WorkBook Data/exampleWorkBookReader02.php,
include/require,PHPExcel/IOFactory.php,gimnasiocervantes.com/PHPExcel/Documentation/Examples/Reading WorkBook Data/exampleWorkBookReader03.php,
include/require,PHPExcel/IOFactory.php,gimnasiocervantes.com/PHPExcel/Documentation/Examples/Reading WorkBook Data/exampleWorkBookReader01.php,
include/require,PHPExcel/IOFactory.php,gimnasiocervantes.com/PHPExcel/Documentation/Examples/Reading WorkBook Data/exampleWorkBookReader04.php,
include/require,../funciones/funciones.php,gimnasiocervantes.com/profesor/filtro_definitivas.php,
include/require,../funciones/conexion.php,gimnasiocervantes.com/profesor/filtro_definitivas.php,
include/require,../funciones/funciones.php,gimnasiocervantes.com/profesor/nota_plan_gestor.php,
include/require,../funciones/conexion.php,gimnasiocervantes.com/profesor/nota_plan_gestor.php,
include/require,../funciones/funciones.php,gimnasiocervantes.com/profesor/gestionar_final.php,
include/require,../funciones/conexion.php,gimnasiocervantes.com/profesor/gestionar_final.php,
include/require,../funciones/funciones.php,gimnasiocervantes.com/profesor/competencia.php,
include/require,../funciones/conexion.php,gimnasiocervantes.com/profesor/competencia.php,
include/require,../funciones/conexion.php,gimnasiocervantes.com/profesor/list_desempenios_bajos.php,
include/require,../funciones/funciones.php,gimnasiocervantes.com/profesor/list_desempenios_bajos.php,
include/require,../funciones/funciones.php,gimnasiocervantes.com/profesor/gestionar_plan_entrenamiento.php,
include/require,../funciones/conexion.php,gimnasiocervantes.com/profesor/gestionar_plan_entrenamiento.php,
include/require,form_plan_entrenamiento.php,gimnasiocervantes.com/profesor/gestionar_plan_entrenamiento.php,
include/require,info_ejercicio.php,gimnasiocervantes.com/profesor/gestionar_plan_entrenamiento.php,
include/require,../funciones/funciones.php,gimnasiocervantes.com/profesor/guias.php,
include/require,../funciones/conexion.php,gimnasiocervantes.com/profesor/guias.php,
include/require,../funciones/conexion.php,gimnasiocervantes.com/profesor/list_observaciones_definitivas.php,
include/require,../funciones/funciones.php,gimnasiocervantes.com/profesor/list_observaciones_definitivas.php,
include/require,../funciones/funciones.php,gimnasiocervantes.com/profesor/list_alumnos_caso_especial.php,
include/require,../funciones/conexion.php,gimnasiocervantes.com/profesor/list_alumnos_caso_especial.php,
include/require,../funciones/conexion.php,gimnasiocervantes.com/profesor/list_definitivas.php,
include/require,../funciones/funciones.php,gimnasiocervantes.com/profesor/list_definitivas.php,
include/require,../funciones/funciones.php,gimnasiocervantes.com/profesor/filtro_plan_gestor.php,
include/require,../funciones/conexion.php,gimnasiocervantes.com/profesor/filtro_plan_gestor.php,
include/require,gestionar_plan.php,gimnasiocervantes.com/profesor/filtro_plan_gestor.php,
include/require,../funciones/funciones.php,gimnasiocervantes.com/profesor/plan_entrenamiento.php,
include/require,../funciones/conexion.php,gimnasiocervantes.com/profesor/plan_entrenamiento.php,
include/require,../funciones/funciones.php,gimnasiocervantes.com/profesor/calificar_plan.php,
include/require,../funciones/conexion.php,gimnasiocervantes.com/profesor/calificar_plan.php,
include/require,../funciones/funciones.php,gimnasiocervantes.com/profesor/gestionar_plan.php,
include/require,../funciones/conexion.php,gimnasiocervantes.com/profesor/gestionar_plan.php,
include/require,logro.php,gimnasiocervantes.com/profesor/gestionar_plan.php,
include/require,logro.php,gimnasiocervantes.com/profesor/gestionar_plan.php,
include/require,seccion_plan_gestor.php,gimnasiocervantes.com/profesor/gestionar_plan.php,
include/require,copia_plan.php,gimnasiocervantes.com/profesor/gestionar_plan.php,
include/require,metodologia.php,gimnasiocervantes.com/profesor/gestionar_plan.php,
include/require,dificultad.php,gimnasiocervantes.com/profesor/gestionar_plan.php,
include/require,biblografia.php,gimnasiocervantes.com/profesor/gestionar_plan.php,
include/require,../funciones/funciones.php,gimnasiocervantes.com/profesor/info_plan_gestor.php,
include/require,../funciones/conexion.php,gimnasiocervantes.com/profesor/info_plan_gestor.php,
include/require,../funciones/conexion.php,gimnasiocervantes.com/profesor/list_definitivas_final.php,
include/require,../funciones/funciones.php,gimnasiocervantes.com/profesor/list_definitivas_final.php,
include/require,../funciones/funciones.php,gimnasiocervantes.com/profesor/nota_plan_gestor_final.php,
include/require,../funciones/conexion.php,gimnasiocervantes.com/profesor/nota_plan_gestor_final.php,
include/require,../funciones/conexion.php,gimnasiocervantes.com/profesor/nueva_guia.php,
include/require,../funciones/funciones.php,gimnasiocervantes.com/profesor/nueva_guia.php,
include/require,../funciones/funciones.php,gimnasiocervantes.com/profesor/asignaturas_profesor.php,
include/require,../funciones/conexion.php,gimnasiocervantes.com/profesor/asignaturas_profesor.php,
include/require,../funciones/conexion.php,gimnasiocervantes.com/profesor/list_puestos.php,
include/require,../funciones/funciones.php,gimnasiocervantes.com/profesor/list_puestos.php,
include/require,../funciones/funciones.php,gimnasiocervantes.com/profesor/recomendaciones_grupo.php,
include/require,../funciones/conexion.php,gimnasiocervantes.com/profesor/recomendaciones_grupo.php,
include/require,../administrativo/filtro_alumnos_grupo.php,gimnasiocervantes.com/profesor/recomendaciones_grupo.php,
include/require,../funciones/funciones.php,gimnasiocervantes.com/profesor/guias_2.php,
include/require,../funciones/conexion.php,gimnasiocervantes.com/profesor/guias_2.php,
include/require,../funciones/funciones.php,gimnasiocervantes.com/profesor/metodologia.php,
include/require,../funciones/conexion.php,gimnasiocervantes.com/profesor/metodologia.php,
include/require,../funciones/funciones.php,gimnasiocervantes.com/profesor/nota_plan_gestor_planilla.php,
include/require,../funciones/conexion.php,gimnasiocervantes.com/profesor/nota_plan_gestor_planilla.php,
include/require,../funciones/funciones.php,gimnasiocervantes.com/profesor/caso_especial.php,
include/require,../funciones/conexion.php,gimnasiocervantes.com/profesor/caso_especial.php,
include/require,../funciones/funciones.php,gimnasiocervantes.com/profesor/copia_plan.php,
include/require,../funciones/conexion.php,gimnasiocervantes.com/profesor/copia_plan.php,
include/require,../funciones/funciones.php,gimnasiocervantes.com/profesor/calificar_plan_consolidado.php,
include/require,../funciones/conexion.php,gimnasiocervantes.com/profesor/calificar_plan_consolidado.php,
include/require,../funciones/funciones.php,gimnasiocervantes.com/profesor/filtro_puestos.php,
include/require,../funciones/conexion.php,gimnasiocervantes.com/profesor/filtro_puestos.php,
include/require,../funciones/funciones.php,gimnasiocervantes.com/profesor/form_plan_entrenamiento.php,
include/require,../funciones/conexion.php,gimnasiocervantes.com/profesor/form_plan_entrenamiento.php,
include/require,../funciones/funciones.php,gimnasiocervantes.com/profesor/reg_carga.php,
include/require,../funciones/conexion.php,gimnasiocervantes.com/profesor/reg_carga.php,
include/require,../funciones/funciones.php,gimnasiocervantes.com/profesor/filtro_calificar_plan_gestor.php,
include/require,../funciones/conexion.php,gimnasiocervantes.com/profesor/filtro_calificar_plan_gestor.php,
include/require,calificar_plan_final.php,gimnasiocervantes.com/profesor/filtro_calificar_plan_gestor.php,
include/require,calificar_plan.php,gimnasiocervantes.com/profesor/filtro_calificar_plan_gestor.php,
include/require,recomendaciones_grupo.php,gimnasiocervantes.com/profesor/filtro_calificar_plan_gestor.php,
include/require,calificar_plan_consolidado.php,gimnasiocervantes.com/profesor/filtro_calificar_plan_gestor.php,
include/require,../funciones/funciones.php,gimnasiocervantes.com/profesor/ver_plan.php,
include/require,../funciones/conexion.php,gimnasiocervantes.com/profesor/ver_plan.php,
include/require,../funciones/funciones.php,gimnasiocervantes.com/profesor/list_ejercicios_plan.php,
include/require,../funciones/conexion.php,gimnasiocervantes.com/profesor/list_ejercicios_plan.php,
include/require,../funciones/conexion.php,gimnasiocervantes.com/profesor/impresion_formato_excel.php,
include/require,../funciones/funciones.php,gimnasiocervantes.com/profesor/impresion_formato_excel.php,
include/require,../funciones/funciones.php,gimnasiocervantes.com/profesor/filtro_planilla.php,
include/require,../funciones/conexion.php,gimnasiocervantes.com/profesor/filtro_planilla.php,
include/require,gestionar_planilla.php,gimnasiocervantes.com/profesor/filtro_planilla.php,
include/require,../funciones/funciones.php,gimnasiocervantes.com/profesor/actividad.php,
include/require,../funciones/conexion.php,gimnasiocervantes.com/profesor/actividad.php,
include/require,../funciones/funciones.php,gimnasiocervantes.com/profesor/contenido.php,
include/require,../funciones/conexion.php,gimnasiocervantes.com/profesor/contenido.php,
include/require,../funciones/funciones.php,gimnasiocervantes.com/profesor/nota_plan_gestor_old.php,
include/require,../funciones/conexion.php,gimnasiocervantes.com/profesor/nota_plan_gestor_old.php,
include/require,../funciones/funciones.php,gimnasiocervantes.com/profesor/filtro_desempenios_bajos.php,
include/require,../funciones/conexion.php,gimnasiocervantes.com/profesor/filtro_desempenios_bajos.php,
include/require,../funciones/funciones.php,gimnasiocervantes.com/profesor/seccion_plan_gestor.php,
include/require,../funciones/conexion.php,gimnasiocervantes.com/profesor/seccion_plan_gestor.php,
include/require,../funciones/funciones.php,gimnasiocervantes.com/profesor/guias_alumno.php,
include/require,../funciones/conexion.php,gimnasiocervantes.com/profesor/guias_alumno.php,
include/require,botones_retorno.php,gimnasiocervantes.com/profesor/guias_alumno.php,
include/require,../funciones/funciones.php,gimnasiocervantes.com/profesor/estandar.php,
include/require,../funciones/conexion.php,gimnasiocervantes.com/profesor/estandar.php,
include/require,../funciones/funciones.php,gimnasiocervantes.com/profesor/dificultad.php,
include/require,../funciones/conexion.php,gimnasiocervantes.com/profesor/dificultad.php,
include/require,../funciones/funciones.php,gimnasiocervantes.com/profesor/filtro_observaciones_admin.php,
include/require,../funciones/conexion.php,gimnasiocervantes.com/profesor/filtro_observaciones_admin.php,
include/require,../funciones/funciones.php,gimnasiocervantes.com/profesor/form_ejercicio.php,
include/require,../funciones/conexion.php,gimnasiocervantes.com/profesor/form_ejercicio.php,
include/require,../pdf/MPDF56/mpdf.php,gimnasiocervantes.com/profesor/impresion_formato.php,
include/require,../funciones/conexion.php,gimnasiocervantes.com/profesor/impresion_formato.php,
include/require,../funciones/funciones.php,gimnasiocervantes.com/profesor/impresion_formato.php,
include/require,../funciones/funciones.php,gimnasiocervantes.com/profesor/calificar_plan_final.php,
include/require,../funciones/conexion.php,gimnasiocervantes.com/profesor/calificar_plan_final.php,
include/require,../funciones/funciones.php,gimnasiocervantes.com/profesor/filtro_dc.php,
include/require,../funciones/conexion.php,gimnasiocervantes.com/profesor/filtro_dc.php,
include/require,../funciones/funciones.php,gimnasiocervantes.com/profesor/logro_planilla.php,
include/require,../funciones/conexion.php,gimnasiocervantes.com/profesor/logro_planilla.php,
include/require,../funciones/funciones.php,gimnasiocervantes.com/profesor/indicador.php,
include/require,../funciones/conexion.php,gimnasiocervantes.com/profesor/indicador.php,
include/require,../funciones/funciones.php,gimnasiocervantes.com/profesor/biblografia.php,
include/require,../funciones/conexion.php,gimnasiocervantes.com/profesor/biblografia.php,
include/require,../funciones/conexion.php,gimnasiocervantes.com/profesor/list_perdidos_grupo.php,
include/require,../funciones/funciones.php,gimnasiocervantes.com/profesor/list_perdidos_grupo.php,
include/require,../funciones/funciones.php,gimnasiocervantes.com/profesor/gestionar_planilla.php,
include/require,../funciones/conexion.php,gimnasiocervantes.com/profesor/gestionar_planilla.php,
include/require,logro_planilla.php,gimnasiocervantes.com/profesor/gestionar_planilla.php,
include/require,../funciones/funciones.php,gimnasiocervantes.com/profesor/filtro_formatos.php,
include/require,../funciones/conexion.php,gimnasiocervantes.com/profesor/filtro_formatos.php,
include/require,../funciones/funciones.php,gimnasiocervantes.com/profesor/logro.php,
include/require,../funciones/conexion.php,gimnasiocervantes.com/profesor/logro.php,
include/require,../funciones/funciones.php,gimnasiocervantes.com/profesor/recomendacion.php,
include/require,../funciones/conexion.php,gimnasiocervantes.com/profesor/recomendacion.php,
include/require,../funciones/funciones.php,gimnasiocervantes.com/profesor/ver_nota_plan_gestor.php,
include/require,../funciones/conexion.php,gimnasiocervantes.com/profesor/ver_nota_plan_gestor.php,
include/require,../funciones/funciones.php,gimnasiocervantes.com/profesor/calificar_plan_old.php,
include/require,../funciones/conexion.php,gimnasiocervantes.com/profesor/calificar_plan_old.php,
include/require,../funciones/funciones.php,gimnasiocervantes.com/profesor/recurso.php,
include/require,../funciones/conexion.php,gimnasiocervantes.com/profesor/recurso.php,
include/require,../funciones/funciones.php,gimnasiocervantes.com/votacion/index.php,
include/require,../funciones/conexion.php,gimnasiocervantes.com/votacion/index.php,
ajax,././mail/contact_me.php,gimnasiocervantes.com/js/contact_me.js,
include/require,../funciones/conexion.php,gimnasiocervantes.com/administrativo/listado_enlaces.php,
include/require,../funciones/funciones.php,gimnasiocervantes.com/administrativo/listado_enlaces.php,
include/require,../funciones/funciones.php,gimnasiocervantes.com/administrativo/pago_otros.php,
include/require,../funciones/conexion.php,gimnasiocervantes.com/administrativo/pago_otros.php,
include/require,../funciones/funciones.php,gimnasiocervantes.com/administrativo/list_logros_final.php,
include/require,../funciones/conexion.php,gimnasiocervantes.com/administrativo/list_logros_final.php,
include/require,../funciones/funciones.php,gimnasiocervantes.com/administrativo/informe_historico_alumnos.php,
include/require,../funciones/conexion.php,gimnasiocervantes.com/administrativo/informe_historico_alumnos.php,
include/require,../funciones/funciones.php,gimnasiocervantes.com/administrativo/filtro_gastos.php,
include/require,../funciones/conexion.php,gimnasiocervantes.com/administrativo/filtro_gastos.php,
include/require,../funciones/funciones.php,gimnasiocervantes.com/administrativo/cargar_plan_gestor.php,
include/require,../funciones/conexion.php,gimnasiocervantes.com/administrativo/cargar_plan_gestor.php,
include/require,../PHPExcel/Classes/PHPExcel.php,gimnasiocervantes.com/administrativo/cargar_plan_gestor.php,
include/require,../funciones/funciones.php,gimnasiocervantes.com/administrativo/combinar_pg.php,
include/require,../funciones/conexion.php,gimnasiocervantes.com/administrativo/combinar_pg.php,
include/require,../funciones/funciones.php,gimnasiocervantes.com/administrativo/listado_gastos_admin.php,
include/require,../funciones/conexion.php,gimnasiocervantes.com/administrativo/listado_gastos_admin.php,
include/require,../funciones/funciones.php,gimnasiocervantes.com/administrativo/list_concepto_facturados.php,
include/require,../funciones/conexion.php,gimnasiocervantes.com/administrativo/list_concepto_facturados.php,
include/require,../funciones/funciones.php,gimnasiocervantes.com/administrativo/registro_gasto.php,
include/require,../funciones/conexion.php,gimnasiocervantes.com/administrativo/registro_gasto.php,
include/require,../funciones/funciones.php,gimnasiocervantes.com/administrativo/recibo_pago_otros.php,
include/require,../funciones/conexion.php,gimnasiocervantes.com/administrativo/recibo_pago_otros.php,
include/require,../funciones/funciones.php,gimnasiocervantes.com/administrativo/listado_pagos_admin_fact.php,
include/require,../funciones/conexion.php,gimnasiocervantes.com/administrativo/listado_pagos_admin_fact.php,
include/require,../aula/botones_retorno.php,gimnasiocervantes.com/administrativo/listado_pagos_admin_fact.php,
include/require,../funciones/funciones.php,gimnasiocervantes.com/administrativo/generar_consolidado_pg.php,
include/require,../funciones/conexion.php,gimnasiocervantes.com/administrativo/generar_consolidado_pg.php,
include/require,../funciones/funciones.php,gimnasiocervantes.com/administrativo/listado_alumnos_registro.php,
include/require,../funciones/conexion.php,gimnasiocervantes.com/administrativo/listado_alumnos_registro.php,
include/require,../funciones/funciones.php,gimnasiocervantes.com/administrativo/form_edita_usuario.php,
include/require,../funciones/conexion.php,gimnasiocervantes.com/administrativo/form_edita_usuario.php,
include/require,../funciones/funciones.php,gimnasiocervantes.com/administrativo/votacion.php,
include/require,../funciones/conexion.php,gimnasiocervantes.com/administrativo/votacion.php,
include/require,./formatos.php,gimnasiocervantes.com/administrativo/nuevo_formato.php,
include/require,../funciones/funciones.php,gimnasiocervantes.com/administrativo/cambio_clave.php,
include/require,../funciones/conexion.php,gimnasiocervantes.com/administrativo/cambio_clave.php,
include/require,../aula/botones_retorno.php,gimnasiocervantes.com/administrativo/cambio_clave.php,
include/require,../funciones/conexion.php,gimnasiocervantes.com/administrativo/list_definitivas.php,
include/require,../funciones/funciones.php,gimnasiocervantes.com/administrativo/list_definitivas.php,
include/require,../funciones/conexion.php,gimnasiocervantes.com/administrativo/ver_contacto.php,
include/require,../funciones/funciones.php,gimnasiocervantes.com/administrativo/ver_contacto.php,
include/require,../funciones/funciones.php,gimnasiocervantes.com/administrativo/list_usuarios.php,
include/require,../funciones/conexion.php,gimnasiocervantes.com/administrativo/list_usuarios.php,
include/require,../funciones/funciones.php,gimnasiocervantes.com/administrativo/datos_alumno.php,
include/require,../funciones/conexion.php,gimnasiocervantes.com/administrativo/datos_alumno.php,
include/require,../funciones/funciones.php,gimnasiocervantes.com/administrativo/listado_alumnos_pin.php,
include/require,../funciones/conexion.php,gimnasiocervantes.com/administrativo/listado_alumnos_pin.php,
include/require,../funciones/funciones.php,gimnasiocervantes.com/administrativo/formatos.php,
include/require,../funciones/conexion.php,gimnasiocervantes.com/administrativo/formatos.php,
include/require,../funciones/funciones.php,gimnasiocervantes.com/administrativo/nuevo_profesor.php,
include/require,../funciones/conexion.php,gimnasiocervantes.com/administrativo/nuevo_profesor.php,
include/require,../funciones/conexion.php,gimnasiocervantes.com/administrativo/listado_noticias.php,
include/require,../funciones/funciones.php,gimnasiocervantes.com/administrativo/listado_noticias.php,
include/require,../funciones/funciones.php,gimnasiocervantes.com/administrativo/listado_pagos_planilla.php,
include/require,../funciones/conexion.php,gimnasiocervantes.com/administrativo/listado_pagos_planilla.php,
include/require,../funciones/funciones.php,gimnasiocervantes.com/administrativo/filtro_administrativos.php,
include/require,../funciones/conexion.php,gimnasiocervantes.com/administrativo/filtro_administrativos.php,
include/require,../funciones/funciones.php,gimnasiocervantes.com/administrativo/filtro_calificar.php,
include/require,../funciones/conexion.php,gimnasiocervantes.com/administrativo/filtro_calificar.php,
include/require,../funciones/funciones.php,gimnasiocervantes.com/administrativo/listado_monitoreo.php,
include/require,../funciones/conexion.php,gimnasiocervantes.com/administrativo/listado_monitoreo.php,
include/require,../funciones/funciones.php,gimnasiocervantes.com/administrativo/respuestas_saber_3.php,
include/require,../funciones/conexion.php,gimnasiocervantes.com/administrativo/respuestas_saber_3.php,
include/require,../funciones/funciones.php,gimnasiocervantes.com/administrativo/informe_matriculas.php,
include/require,../funciones/conexion.php,gimnasiocervantes.com/administrativo/informe_matriculas.php,
include/require,../funciones/funciones.php,gimnasiocervantes.com/administrativo/sub_list_pg_logros.php,
include/require,../funciones/conexion.php,gimnasiocervantes.com/administrativo/sub_list_pg_logros.php,
include/require,../funciones/funciones.php,gimnasiocervantes.com/administrativo/nvo_candidato.php,
include/require,../funciones/conexion.php,gimnasiocervantes.com/administrativo/nvo_candidato.php,
include/require,../funciones/funciones.php,gimnasiocervantes.com/administrativo/form_comunicado_admin.php,
include/require,../funciones/conexion.php,gimnasiocervantes.com/administrativo/form_comunicado_admin.php,
include/require,../funciones/funciones.php,gimnasiocervantes.com/administrativo/form_comunicado.php,
include/require,../funciones/conexion.php,gimnasiocervantes.com/administrativo/form_comunicado.php,
include/require,../funciones/funciones.php,gimnasiocervantes.com/administrativo/asignatura_grupo.php,
include/require,../funciones/conexion.php,gimnasiocervantes.com/administrativo/asignatura_grupo.php,
include/require,../funciones/funciones.php,gimnasiocervantes.com/administrativo/filtro_alumnos_grupo.php,
include/require,../funciones/conexion.php,gimnasiocervantes.com/administrativo/filtro_alumnos_grupo.php,
include/require,../funciones/funciones.php,gimnasiocervantes.com/administrativo/recibo_pago.php,
include/require,../funciones/conexion.php,gimnasiocervantes.com/administrativo/recibo_pago.php,
include/require,./MPDF56/mpdf.php,gimnasiocervantes.com/administrativo/index_sin_arte_1.php,
include/require,../funciones/conexion.php,gimnasiocervantes.com/administrativo/index_sin_arte_1.php,
include/require,../funciones/funciones.php,gimnasiocervantes.com/administrativo/index_sin_arte_1.php,
include/require,../funciones/funciones.php,gimnasiocervantes.com/administrativo/listado_alumnos.php,
include/require,../funciones/conexion.php,gimnasiocervantes.com/administrativo/listado_alumnos.php,
include/require,../funciones/funciones.php,gimnasiocervantes.com/administrativo/list_planes_gestores.php,
include/require,../funciones/conexion.php,gimnasiocervantes.com/administrativo/list_planes_gestores.php,
include/require,../funciones/funciones.php,gimnasiocervantes.com/administrativo/filtro_pagos_fact.php,
include/require,../funciones/conexion.php,gimnasiocervantes.com/administrativo/filtro_pagos_fact.php,
include/require,../funciones/funciones.php,gimnasiocervantes.com/administrativo/concepto.php,
include/require,../funciones/conexion.php,gimnasiocervantes.com/administrativo/concepto.php,
include/require,../funciones/funciones.php,gimnasiocervantes.com/administrativo/listado_profesores.php,
include/require,../funciones/conexion.php,gimnasiocervantes.com/administrativo/listado_profesores.php,
include/require,../funciones/funciones.php,gimnasiocervantes.com/administrativo/filtro_grados.php,
include/require,../funciones/conexion.php,gimnasiocervantes.com/administrativo/filtro_grados.php,
include/require,gestionar_plan.php,gimnasiocervantes.com/administrativo/filtro_grados.php,
include/require,../funciones/funciones.php,gimnasiocervantes.com/administrativo/list_clases_grupo.php,
include/require,../funciones/conexion.php,gimnasiocervantes.com/administrativo/list_clases_grupo.php,
include/require,../funciones/conexion.php,gimnasiocervantes.com/administrativo/listado_sedes.php,
include/require,../funciones/funciones.php,gimnasiocervantes.com/administrativo/listado_sedes.php,
include/require,../funciones/funciones.php,gimnasiocervantes.com/administrativo/form_usuario.php,
include/require,../funciones/conexion.php,gimnasiocervantes.com/administrativo/form_usuario.php,
include/require,../funciones/funciones.php,gimnasiocervantes.com/administrativo/list_historial_pagados.php,
include/require,../funciones/conexion.php,gimnasiocervantes.com/administrativo/list_historial_pagados.php,
include/require,../funciones/funciones.php,gimnasiocervantes.com/administrativo/upd_pension.php,
include/require,../funciones/conexion.php,gimnasiocervantes.com/administrativo/upd_pension.php,
include/require,../funciones/funciones.php,gimnasiocervantes.com/administrativo/registro_pago.php,
include/require,../funciones/conexion.php,gimnasiocervantes.com/administrativo/registro_pago.php,
include/require,concepto.php,gimnasiocervantes.com/administrativo/registro_pago.php,
include/require,../funciones/funciones.php,gimnasiocervantes.com/administrativo/facturar_anio.php,
include/require,../funciones/conexion.php,gimnasiocervantes.com/administrativo/facturar_anio.php,
include/require,../funciones/funciones.php,gimnasiocervantes.com/administrativo/ver_comunicado.php,
include/require,../funciones/conexion.php,gimnasiocervantes.com/administrativo/ver_comunicado.php,
include/require,../funciones/conexion.php,gimnasiocervantes.com/administrativo/listado_contactos.php,
include/require,../funciones/funciones.php,gimnasiocervantes.com/administrativo/listado_contactos.php,
include/require,../funciones/funciones.php,gimnasiocervantes.com/administrativo/listado_grupo.php,
include/require,../funciones/conexion.php,gimnasiocervantes.com/administrativo/listado_grupo.php,
include/require,../funciones/funciones.php,gimnasiocervantes.com/administrativo/gestion_comunicado_admin.php,
include/require,../funciones/conexion.php,gimnasiocervantes.com/administrativo/gestion_comunicado_admin.php,
include/require,form_comunicado_admin.php,gimnasiocervantes.com/administrativo/gestion_comunicado_admin.php,
include/require,filtro_administrativos.php,gimnasiocervantes.com/administrativo/gestion_comunicado_admin.php,
include/require,../funciones/funciones.php,gimnasiocervantes.com/administrativo/filtro_pagos_vs_gastos.php,
include/require,../funciones/conexion.php,gimnasiocervantes.com/administrativo/filtro_pagos_vs_gastos.php,
include/require,../funciones/funciones.php,gimnasiocervantes.com/administrativo/edit_asignatura_grupo.php,
include/require,../funciones/conexion.php,gimnasiocervantes.com/administrativo/edit_asignatura_grupo.php,
include/require,../funciones/funciones.php,gimnasiocervantes.com/administrativo/gestion_usuario.php,
include/require,../funciones/conexion.php,gimnasiocervantes.com/administrativo/gestion_usuario.php,
include/require,form_usuario.php,gimnasiocervantes.com/administrativo/gestion_usuario.php,
include/require,../funciones/funciones.php,gimnasiocervantes.com/administrativo/listado_pagos_admin.php,
include/require,../funciones/conexion.php,gimnasiocervantes.com/administrativo/listado_pagos_admin.php,
include/require,../aula/botones_retorno.php,gimnasiocervantes.com/administrativo/listado_pagos_admin.php,
include/require,../funciones/funciones.php,gimnasiocervantes.com/administrativo/filtro_asignatura_grupo.php,
include/require,../funciones/conexion.php,gimnasiocervantes.com/administrativo/filtro_asignatura_grupo.php,
include/require,../funciones/funciones.php,gimnasiocervantes.com/administrativo/nvo_pin.php,
include/require,../funciones/conexion.php,gimnasiocervantes.com/administrativo/nvo_pin.php,
include/require,../funciones/funciones.php,gimnasiocervantes.com/administrativo/descargar_plan_gestor.php,
include/require,../funciones/conexion.php,gimnasiocervantes.com/administrativo/descargar_plan_gestor.php,
include/require,../funciones/funciones.php,gimnasiocervantes.com/administrativo/gestion_comunicado.php,
include/require,../funciones/conexion.php,gimnasiocervantes.com/administrativo/gestion_comunicado.php,
include/require,form_comunicado.php,gimnasiocervantes.com/administrativo/gestion_comunicado.php,
include/require,filtro_alumnos_grupo.php,gimnasiocervantes.com/administrativo/gestion_comunicado.php,
include/require,../funciones/funciones.php,gimnasiocervantes.com/administrativo/nuevo_grupo.php,
include/require,../funciones/conexion.php,gimnasiocervantes.com/administrativo/nuevo_grupo.php,
include/require,../funciones/conexion.php,gimnasiocervantes.com/administrativo/listado_noticias_2.php,
include/require,../funciones/funciones.php,gimnasiocervantes.com/administrativo/listado_noticias_2.php,
include/require,../funciones/funciones.php,gimnasiocervantes.com/administrativo/filtro_dc.php,
include/require,../funciones/conexion.php,gimnasiocervantes.com/administrativo/filtro_dc.php,
include/require,../funciones/funciones.php,gimnasiocervantes.com/administrativo/periodo_factura.php,
include/require,../funciones/conexion.php,gimnasiocervantes.com/administrativo/periodo_factura.php,
include/require,../funciones/funciones.php,gimnasiocervantes.com/administrativo/listado_familiares.php,
include/require,../funciones/conexion.php,gimnasiocervantes.com/administrativo/listado_familiares.php,
include/require,../funciones/funciones.php,gimnasiocervantes.com/administrativo/list_comunicados.php,
include/require,../funciones/conexion.php,gimnasiocervantes.com/administrativo/list_comunicados.php,
include/require,../aula/botones_retorno.php,gimnasiocervantes.com/administrativo/list_comunicados.php,
include/require,../funciones/funciones.php,gimnasiocervantes.com/administrativo/editar_nota_plan_gestor.php,
include/require,../funciones/conexion.php,gimnasiocervantes.com/administrativo/editar_nota_plan_gestor.php,
include/require,../funciones/funciones.php,gimnasiocervantes.com/administrativo/nuevo_estudiante.php,
include/require,../funciones/conexion.php,gimnasiocervantes.com/administrativo/nuevo_estudiante.php,
include/require,info_alumno.php,gimnasiocervantes.com/administrativo/nuevo_estudiante.php,
include/require,../funciones/funciones.php,gimnasiocervantes.com/administrativo/respuestas_saber_2.php,
include/require,../funciones/conexion.php,gimnasiocervantes.com/administrativo/respuestas_saber_2.php,
include/require,../funciones/funciones.php,gimnasiocervantes.com/administrativo/listado_visitas.php,
include/require,../funciones/conexion.php,gimnasiocervantes.com/administrativo/listado_visitas.php,
include/require,../funciones/funciones.php,gimnasiocervantes.com/administrativo/listado_pagos_vs_gastos.php,
include/require,../funciones/conexion.php,gimnasiocervantes.com/administrativo/listado_pagos_vs_gastos.php,
include/require,../funciones/funciones.php,gimnasiocervantes.com/administrativo/list_planillas.php,
include/require,../funciones/conexion.php,gimnasiocervantes.com/administrativo/list_planillas.php,
include/require,../funciones/conexion.php,gimnasiocervantes.com/administrativo/logro_30.php,
include/require,../funciones/funciones.php,gimnasiocervantes.com/administrativo/logro_30.php,
include/require,../funciones/funciones.php,gimnasiocervantes.com/administrativo/respuestas_saber.php,
include/require,../funciones/conexion.php,gimnasiocervantes.com/administrativo/respuestas_saber.php,
include/require,../funciones/funciones.php,gimnasiocervantes.com/administrativo/cancelar_factura.php,
include/require,../funciones/conexion.php,gimnasiocervantes.com/administrativo/cancelar_factura.php,
include/require,../funciones/funciones.php,gimnasiocervantes.com/administrativo/filtro_pagos_planilla.php,
include/require,../funciones/conexion.php,gimnasiocervantes.com/administrativo/filtro_pagos_planilla.php,
include/require,../funciones/funciones.php,gimnasiocervantes.com/administrativo/list_asignatura_grupo.php,
include/require,../funciones/conexion.php,gimnasiocervantes.com/administrativo/list_asignatura_grupo.php,
include/require,../funciones/funciones.php,gimnasiocervantes.com/administrativo/list_calificaciones_graph.php,
include/require,../funciones/conexion.php,gimnasiocervantes.com/administrativo/list_calificaciones_graph.php,
include/require,../funciones/funciones.php,gimnasiocervantes.com/administrativo/comunicados_admin.php,
include/require,../funciones/conexion.php,gimnasiocervantes.com/administrativo/comunicados_admin.php,
include/require,../funciones/funciones.php,gimnasiocervantes.com/administrativo/list_planes_gestores_logros.php,
include/require,../funciones/conexion.php,gimnasiocervantes.com/administrativo/list_planes_gestores_logros.php,
include/require,../funciones/funciones.php,gimnasiocervantes.com/administrativo/nuevo_enlace.php,
include/require,../funciones/conexion.php,gimnasiocervantes.com/administrativo/nuevo_enlace.php,
include/require,./listado_enlaces.php,gimnasiocervantes.com/administrativo/nuevo_enlace.php,
include/require,../funciones/funciones.php,gimnasiocervantes.com/administrativo/nvo_familiar.php,
include/require,../funciones/conexion.php,gimnasiocervantes.com/administrativo/nvo_familiar.php,
include/require,../funciones/funciones.php,gimnasiocervantes.com/administrativo/ver_nota_plan_gestor.php,
include/require,../funciones/conexion.php,gimnasiocervantes.com/administrativo/ver_nota_plan_gestor.php,
include/require,../funciones/funciones.php,gimnasiocervantes.com/administrativo/nueva_sede.php,
include/require,../funciones/conexion.php,gimnasiocervantes.com/administrativo/nueva_sede.php,
include/require,./listado_sedes.php,gimnasiocervantes.com/administrativo/nueva_sede.php,
include/require,../funciones/funciones.php,gimnasiocervantes.com/administrativo/listado_asignatura.php,
include/require,../funciones/conexion.php,gimnasiocervantes.com/administrativo/listado_asignatura.php,
include/require,../funciones/funciones.php,gimnasiocervantes.com/administrativo/nuevo_estudiante_aula.php,
include/require,../funciones/conexion.php,gimnasiocervantes.com/administrativo/nuevo_estudiante_aula.php,
include/require,../aula/botones_retorno.php,gimnasiocervantes.com/administrativo/nuevo_estudiante_aula.php,
include/require,info_alumno.php,gimnasiocervantes.com/administrativo/nuevo_estudiante_aula.php,
include/require,../funciones/funciones.php,gimnasiocervantes.com/administrativo/filtro_pagos.php,
include/require,../funciones/conexion.php,gimnasiocervantes.com/administrativo/filtro_pagos.php,
include/require,../funciones/funciones.php,gimnasiocervantes.com/administrativo/nueva_asignatura.php,
include/require,../funciones/conexion.php,gimnasiocervantes.com/administrativo/nueva_asignatura.php,
detected,.php file,../../../funciones/conexion.php,
detected,.php file,../../../funciones/funciones.php,
detected,.php file,../../ckeditor.php,
detected,.php file,../../funciones/conexion.php,
detected,.php file,../../funciones/funciones.php,
detected,.php file,../Classes/PHPExcel/IOFactory.php,
detected,.php file,../PHPExcel/Classes/PHPExcel.php,
detected,.php file,../administrativo/filtro_alumnos_grupo.php,
detected,.php file,../administrativo/form_comunicado.php,
detected,.php file,../aula/botones_retorno.php,
detected,.php file,../funciones/conexion.php,
detected,.php file,../funciones/funciones.php,
detected,.php file,../funciones/funciones_aula.php,
detected,.php file,../mpdf.php,
detected,.php file,../pdf/MPDF56/mpdf.php,
detected,.php file,././mail/contact_me.php,
detected,.php file,./MPDF56/mpdf.php,
detected,.php file,./aplicacion/funciones/funciones_galeria.php,
detected,.php file,./botones_retorno.php,
detected,.php file,./cabecera.php,
detected,.php file,./contenido.php,
detected,.php file,./formatos.php,
detected,.php file,./funciones/conexion.php,
detected,.php file,./funciones/funciones.php,
detected,.php file,./funciones/funciones_aula.php,
detected,.php file,./funciones/funciones_galeria.php,
detected,.php file,./informacion.php,
detected,.php file,./informacion_proyecto.php,
detected,.php file,./instalaciones.php,
detected,.php file,./listado_enlaces.php,
detected,.php file,./listado_sedes.php,
detected,.php file,./menu_superior.php,
detected,.php file,./menu_superior_admin.php,
detected,.php file,05featuredemo.inc.php,
detected,.php file,PHPExcel.php,
detected,.php file,PHPExcel/Calculation.php,
detected,.php file,PHPExcel/IOFactory.php,
detected,.php file,UnicodeRanges.php,
detected,.php file,activecalendar.php,
detected,.php file,assets/posteddata.php,
detected,.php file,biblografia.php,
detected,.php file,botones_clase.php,
detected,.php file,botones_retorno.php,
detected,.php file,calificar_plan.php,
detected,.php file,calificar_plan_consolidado.php,
detected,.php file,calificar_plan_final.php,
detected,.php file,ckeditor/ckeditor.php,
detected,.php file,concepto.php,
detected,.php file,conexion.php,
detected,.php file,copia_plan.php,
detected,.php file,dificultad.php,
detected,.php file,filtro_administrativos.php,
detected,.php file,filtro_alumnos_grupo.php,
detected,.php file,form_actividad.php,
detected,.php file,form_comunicado.php,
detected,.php file,form_comunicado_admin.php,
detected,.php file,form_plan_entrenamiento.php,
detected,.php file,form_usuario.php,
detected,.php file,funciones/conexion.php,
detected,.php file,funciones/funciones.php,
detected,.php file,gestionar_plan.php,
detected,.php file,gestionar_planilla.php,
detected,.php file,info_alumno.php,
detected,.php file,info_clase.php,
detected,.php file,info_ejercicio.php,
detected,.php file,info_elemento.php,
detected,.php file,listado_elementos.php,
detected,.php file,listado_elementos_web.php,
detected,.php file,listado_grupo_clase.php,
detected,.php file,listado_opciones.php,
detected,.php file,listado_opciones2.php,
detected,.php file,listado_opciones3.php,
detected,.php file,listado_preguntas.php,
detected,.php file,logro.php,
detected,.php file,logro_planilla.php,
detected,.php file,menu_left.php,
detected,.php file,menu_left_2.php,
detected,.php file,menu_left_alumno.php,
detected,.php file,menu_left_aulas.php,
detected,.php file,menu_left_web.php,
detected,.php file,metodologia.php,
detected,.php file,mpdf.php,
detected,.php file,noticias.php,
detected,.php file,pie.php,
detected,.php file,recomendaciones_grupo.php,
detected,.php file,seccion_plan_gestor.php,
detected,.php file,ultimas_galerias.php,
